acc,se,sp,auc
0.8415300546448088,0.7261904761904762,0.9393939393939394,0.8608706108706109
fpr
0.0,0.0,0.0,0.011904761904761904,0.011904761904761904,0.023809523809523808,0.023809523809523808,0.03571428571428571,0.03571428571428571,0.047619047619047616,0.047619047619047616,0.05952380952380952,0.05952380952380952,0.07142857142857142,0.07142857142857142,0.08333333333333333,0.08333333333333333,0.09523809523809523,0.09523809523809523,0.10714285714285714,0.10714285714285714,0.11904761904761904,0.11904761904761904,0.13095238095238096,0.13095238095238096,0.15476190476190477,0.15476190476190477,0.16666666666666666,0.16666666666666666,0.17857142857142858,0.17857142857142858,0.19047619047619047,0.19047619047619047,0.20238095238095238,0.20238095238095238,0.2261904761904762,0.2261904761904762,0.25,0.25,0.2619047619047619,0.2619047619047619,0.27380952380952384,0.27380952380952384,0.3333333333333333,0.3333333333333333,0.40476190476190477,0.40476190476190477,0.5476190476190477,0.5476190476190477,0.6190476190476191,0.6190476190476191,0.6666666666666666,0.6666666666666666,0.8928571428571429,0.8928571428571429,1.0
tpr
0.0,0.010101010101010102,0.12121212121212122,0.12121212121212122,0.16161616161616163,0.16161616161616163,0.1717171717171717,0.1717171717171717,0.23232323232323232,0.23232323232323232,0.24242424242424243,0.24242424242424243,0.31313131313131315,0.31313131313131315,0.3434343434343434,0.3434343434343434,0.35353535353535354,0.35353535353535354,0.43434343434343436,0.43434343434343436,0.47474747474747475,0.47474747474747475,0.5454545454545454,0.5454545454545454,0.6161616161616161,0.6161616161616161,0.6363636363636364,0.6363636363636364,0.7373737373737373,0.7373737373737373,0.7474747474747475,0.7474747474747475,0.8080808080808081,0.8080808080808081,0.8585858585858586,0.8585858585858586,0.8787878787878788,0.8787878787878788,0.9090909090909091,0.9090909090909091,0.9191919191919192,0.9191919191919192,0.9393939393939394,0.9393939393939394,0.9494949494949495,0.9494949494949495,0.9595959595959596,0.9595959595959596,0.9696969696969697,0.9696969696969697,0.9797979797979798,0.9797979797979798,0.98989898989899,0.98989898989899,1.0,1.0
