acc,se,sp,auc
0.8415300546448088,0.7837837837837838,0.8807339449541285,0.8845772377882469
acc,se,sp,auc
0.8524590163934426,0.8243243243243243,0.8715596330275229,0.880609967765931
acc,se,sp,auc
0.8469945355191257,0.7432432432432432,0.9174311926605505,0.8796181502603521
