acc,se,sp,auc
0.8415300546448088,0.8023255813953488,0.8762886597938144,0.8675377607288419
