acc,se,sp,auc
0.8415300546448088,0.7837837837837838,0.8807339449541285,0.8845772377882469
acc,se,sp,auc
0.8524590163934426,0.8243243243243243,0.8715596330275229,0.880609967765931
