acc,se,sp,auc
0.8804347826086957,0.8115942028985508,0.9217391304347826,0.9097668557025835
