acc,se,sp,auc
0.8415300546448088,0.8023255813953488,0.8762886597938144,0.8675377607288419
acc,se,sp,auc
0.8524590163934426,0.7674418604651163,0.9278350515463918,0.8708942699592425
acc,se,sp,auc
0.8415300546448088,0.813953488372093,0.865979381443299,0.8609446175976985
