acc,se,sp,auc
0.8415300546448088,0.7837837837837838,0.8807339449541285,0.8845772377882469
