acc,se,sp,auc
0.8633879781420765,0.7954545454545454,0.9263157894736842,0.9019138755980861
