acc,se,sp,auc
0.8360655737704918,0.7441860465116279,0.9175257731958762,0.8633421241908414
