epoch,acc,se,sp,auc
120,0.8306010928961749,0.7790697674418605,0.8762886597938144,0.8634619995204986
epoch,acc,se,sp,auc
121,0.8306010928961749,0.7906976744186046,0.865979381443299,0.8629824982018701
epoch,acc,se,sp,auc
124,0.8306010928961749,0.7790697674418605,0.8762886597938144,0.8728122752337569
epoch,acc,se,sp,auc
146,0.8360655737704918,0.8023255813953488,0.865979381443299,0.8701750179812995
