acc,se,sp,auc
0.825136612021858,0.7738095238095238,0.8686868686868687,0.8775853775853777
