acc,se,sp,auc
0.8415300546448088,0.7567567567567568,0.8990825688073395,0.8744111083560625
