acc,se,sp,auc
0.8804347826086957,0.7971014492753623,0.9304347826086956,0.9180844360428481
acc,se,sp,auc
0.875,0.7681159420289855,0.9391304347826087,0.9218651543793321
